<?xml version="1.0" encoding="UTF-8"?>
<!DOCTYPE log4j:configuration PUBLIC "-//APACHE//DTD LOG4J 1.2//EN" "http://logging.apache.org/log4j/1.2/apidocs/org/apache/log4j/xml/doc-files/log4j.dtd">
<log4j:configuration xmlns:log4j="http://jakarta.apache.org/log4j/">

	<!-- Appenders -->
	<appender name="console" class="org.apache.log4j.ConsoleAppender">
		<param name="Target" value="System.out" />
		<layout class="org.apache.log4j.PatternLayout">
			<param name="ConversionPattern" value="%-5p: %c - %m%n" />
		</layout>
	</appender>
	
	<!-- Application Loggers -->
	<logger name="com.itwillbs.mvc_board">
		<level value="info" />
	</logger>
	
	<!-- 3rdparty Loggers -->
	<logger name="org.springframework.core">
		<level value="info" />
	</logger>
	
	<logger name="org.springframework.beans">
		<level value="info" />
	</logger>
	
	<logger name="org.springframework.context">
		<level value="info" />
	</logger>

	<logger name="org.springframework.web">
		<level value="info" />
	</logger>
	
	<!-- SQL Logger 추가 -->
	<!-- 1) jdbc.sqlonly : SQL 쿼리 문장에 대한 로그(전달인자 포함한 문장) -->
	<logger name="jdbc.sqlonly" additivity="false">
		<level value="info" />
		<appender-ref ref="console" />	
	</logger>
	
	<!-- 2) jdbc.sqltiming: SQL 문장과 실행에 소용된 시간(밀리초)에 대한 로그 -->
	<logger name="jdbc.sqltiming" additivity="false">
		<level value="warn" />
		<appender-ref ref="console" />	
	</logger>
	
	<!-- 3) jdbc.audit: JDBC 호출 정보에 대한 로그(ResultSet 제외) => 내용 많음 -->
	<logger name="jdbc.audit" additivity="false">
		<level value="warn" />
		<appender-ref ref="console" />	
	</logger>
	
	<!-- 4) jdbc.result: ResultSet 을 포함한 JDBC 호출 정보에 대한 로그 => 내용 많음 -->
	<logger name="jdbc.result" additivity="false">
		<level value="warn" />
		<appender-ref ref="console" />	
	</logger>
	
	<!-- 5) jdbc.resultsettable: SELECT 실행 결과(데이터 테이블) 에 대한 로그 -->
	<logger name="jdbc.resultsettable" additivity="false">
		<level value="info" />
		<appender-ref ref="console" />	
	</logger>

	<!-- Root Logger -->
	<root>
		<priority value="warn" />
		<appender-ref ref="console" />
	</root>
	
</log4j:configuration>
